{"cameraMode":{"drawMode":0,"name":"Shaded","section":"Shading Mode"},"sceneLighting":false,"audioPlay":false,"sceneViewState":{"showFog":true,"showMaterialUpdate":true,"showSkybox":false,"showFlares":true,"showImageEffects":true,"showParticleSystems":true},"in2DMode":false,"pivot":{"x":0.21535491943359376,"y":0.7532048225402832,"z":-0.5857133865356445},"rotation":{"x":-0.11494840681552887,"y":0.7661606073379517,"z":-0.14299367368221284,"w":-0.6159038543701172},"size":22.0,"orthographic":false}