{"cameraMode":{"drawMode":0,"name":"Shaded","section":"Shading Mode"},"sceneLighting":true,"audioPlay":false,"sceneViewState":{"showFog":true,"showMaterialUpdate":true,"showSkybox":false,"showFlares":true,"showImageEffects":true,"showParticleSystems":true},"in2DMode":false,"pivot":{"x":7.635765552520752,"y":-0.587242841720581,"z":-3.6322150230407717},"rotation":{"x":0.018695155158638955,"y":-0.8594247698783875,"z":0.509947657585144,"w":0.03151194006204605},"size":2.8710532188415529,"orthographic":false}