{"cameraMode":{"drawMode":0,"name":"Shaded","section":"Shading Mode"},"sceneLighting":false,"audioPlay":false,"sceneViewState":{"showFog":true,"showMaterialUpdate":true,"showSkybox":true,"showFlares":true,"showImageEffects":true,"showParticleSystems":true},"in2DMode":false,"pivot":{"x":4.096217632293701,"y":4.875411033630371,"z":-5.573352336883545},"rotation":{"x":-0.329516738653183,"y":0.3417149782180786,"z":-0.12933500111103059,"w":-0.8705872297286987},"size":25.105653762817384,"orthographic":false}