{"cameraMode":{"drawMode":0,"name":"Shaded","section":"Shading Mode"},"sceneLighting":false,"audioPlay":false,"sceneViewState":{"showFog":true,"showMaterialUpdate":true,"showSkybox":true,"showFlares":true,"showImageEffects":true,"showParticleSystems":true},"in2DMode":false,"pivot":{"x":-4.646979808807373,"y":0.9954207539558411,"z":-2.32961106300354},"rotation":{"x":0.3746122717857361,"y":-0.6162895560264587,"z":0.4178728759288788,"w":0.552480936050415},"size":0.5113772749900818,"orthographic":false}