{"cameraMode":{"drawMode":0,"name":"Shaded","section":"Shading Mode"},"sceneLighting":false,"audioPlay":false,"sceneViewState":{"showFog":true,"showMaterialUpdate":true,"showSkybox":true,"showFlares":true,"showImageEffects":true,"showParticleSystems":true},"in2DMode":false,"pivot":{"x":-0.3456103503704071,"y":0.006084874272346497,"z":-0.2751736640930176},"rotation":{"x":-0.30285653471946719,"y":0.3285524249076843,"z":-0.11210604012012482,"w":-0.8875604271888733},"size":0.4621275067329407,"orthographic":false}