{"cameraMode":{"drawMode":0,"name":"Shaded","section":"Shading Mode"},"sceneLighting":true,"audioPlay":false,"sceneViewState":{"showFog":true,"showMaterialUpdate":true,"showSkybox":false,"showFlares":true,"showImageEffects":true,"showParticleSystems":true},"in2DMode":false,"pivot":{"x":3.6718053817749025,"y":1.4698565006256104,"z":5.710134506225586},"rotation":{"x":0.031213905662298204,"y":-0.912111759185791,"z":0.4025900661945343,"w":0.07070448994636536},"size":0.12992212176322938,"orthographic":false}