{"cameraMode":{"drawMode":0,"name":"Shaded","section":"Shading Mode"},"sceneLighting":true,"audioPlay":false,"sceneViewState":{"showFog":true,"showMaterialUpdate":true,"showSkybox":false,"showFlares":true,"showImageEffects":true,"showParticleSystems":true},"in2DMode":false,"pivot":{"x":4.209014892578125,"y":-1.0856893062591553,"z":15.077689170837403},"rotation":{"x":-0.3524171710014343,"y":0.009854133240878582,"z":-0.0037055863067507746,"w":-0.9357838034629822},"size":4.892058849334717,"orthographic":false}