{"cameraMode":{"drawMode":0,"name":"Shaded","section":"Shading Mode"},"sceneLighting":true,"audioPlay":false,"sceneViewState":{"showFog":true,"showMaterialUpdate":true,"showSkybox":false,"showFlares":true,"showImageEffects":true,"showParticleSystems":true},"in2DMode":false,"pivot":{"x":6.302494525909424,"y":2.2921481132507326,"z":7.6254963874816898},"rotation":{"x":-0.04836061969399452,"y":-0.6971576809883118,"z":0.047246988862752917,"w":-0.713722825050354},"size":2.0333456993103029,"orthographic":false}