{"cameraMode":{"drawMode":0,"name":"Shaded","section":"Shading Mode"},"sceneLighting":false,"audioPlay":false,"sceneViewState":{"showFog":true,"showMaterialUpdate":true,"showSkybox":false,"showFlares":true,"showImageEffects":true,"showParticleSystems":true},"in2DMode":false,"pivot":{"x":11.93869686126709,"y":-0.002361118793487549,"z":-4.849117279052734},"rotation":{"x":-0.09129047393798828,"y":-0.7650629281997681,"z":0.11128618568181992,"w":-0.6276624798774719},"size":4.786379814147949,"orthographic":false}