{"cameraMode":{"drawMode":0,"name":"Shaded","section":"Shading Mode"},"sceneLighting":true,"audioPlay":false,"sceneViewState":{"showFog":true,"showMaterialUpdate":true,"showSkybox":false,"showFlares":true,"showImageEffects":true,"showParticleSystems":true},"in2DMode":false,"pivot":{"x":1.3822880983352662,"y":0.36492660641670229,"z":17.008333206176759},"rotation":{"x":-0.14052237570285798,"y":0.24816402792930604,"z":-0.0364045649766922,"w":-0.957780122756958},"size":5.7157673835754398,"orthographic":false}