{"cameraMode":{"drawMode":0,"name":"Shaded","section":"Shading Mode"},"sceneLighting":true,"audioPlay":false,"sceneViewState":{"showFog":true,"showMaterialUpdate":true,"showSkybox":false,"showFlares":true,"showImageEffects":true,"showParticleSystems":true},"in2DMode":false,"pivot":{"x":4.353625297546387,"y":0.9518294930458069,"z":11.92223072052002},"rotation":{"x":0.3481966257095337,"y":0.0030409463215619327,"z":-0.001137111452408135,"w":0.9374158978462219},"size":0.3989662528038025,"orthographic":false}