{"cameraMode":{"drawMode":0,"name":"Shaded","section":"Shading Mode"},"sceneLighting":true,"audioPlay":false,"sceneViewState":{"showFog":true,"showMaterialUpdate":true,"showSkybox":false,"showFlares":true,"showImageEffects":true,"showParticleSystems":true},"in2DMode":false,"pivot":{"x":2.338754415512085,"y":2.5234179496765138,"z":7.978399276733398},"rotation":{"x":0.10587529093027115,"y":0.775871217250824,"z":-0.13532894849777223,"w":0.6070422530174255},"size":0.05010831728577614,"orthographic":false}