{"cameraMode":{"drawMode":0,"name":"Shaded","section":"Shading Mode"},"sceneLighting":true,"audioPlay":false,"sceneViewState":{"showFog":true,"showMaterialUpdate":true,"showSkybox":false,"showFlares":true,"showImageEffects":true,"showParticleSystems":true},"in2DMode":false,"pivot":{"x":4.181008338928223,"y":1.3673632144927979,"z":16.41394805908203},"rotation":{"x":-0.07510504126548767,"y":0.0075074597261846069,"z":-0.0005606368649750948,"w":-0.997147262096405},"size":5.7157673835754398,"orthographic":false}