{"cameraMode":{"drawMode":0,"name":"Shaded","section":"Shading Mode"},"sceneLighting":true,"audioPlay":false,"sceneViewState":{"showFog":true,"showMaterialUpdate":true,"showSkybox":false,"showFlares":true,"showImageEffects":true,"showParticleSystems":true},"in2DMode":false,"pivot":{"x":4.715217590332031,"y":1.8393203020095826,"z":6.193302154541016},"rotation":{"x":-0.0026514800265431406,"y":0.9910770058631897,"z":-0.13176913559436799,"w":-0.01990697532892227},"size":0.05010831728577614,"orthographic":false}