{"cameraMode":{"drawMode":0,"name":"Shaded","section":"Shading Mode"},"sceneLighting":false,"audioPlay":false,"sceneViewState":{"showFog":true,"showMaterialUpdate":true,"showSkybox":false,"showFlares":true,"showImageEffects":true,"showParticleSystems":true},"in2DMode":false,"pivot":{"x":9.69640064239502,"y":1.2895469665527344,"z":-4.9979448318481449},"rotation":{"x":-0.04515494033694267,"y":0.7121655941009522,"z":-0.046001337468624118,"w":-0.6990458965301514},"size":2.495800495147705,"orthographic":false}