{"cameraMode":{"drawMode":0,"name":"Shaded","section":"Shading Mode"},"sceneLighting":false,"audioPlay":false,"sceneViewState":{"showFog":true,"showMaterialUpdate":true,"showSkybox":false,"showFlares":true,"showImageEffects":true,"showParticleSystems":true},"in2DMode":false,"pivot":{"x":0.0368802547454834,"y":-0.057248592376708987,"z":0.018265485763549806},"rotation":{"x":0.16236820816993714,"y":-0.8375329375267029,"z":0.3759097158908844,"w":0.3617555797100067},"size":6.2168354988098148,"orthographic":false}