{"cameraMode":{"drawMode":0,"name":"Shaded","section":"Shading Mode"},"sceneLighting":true,"audioPlay":false,"sceneViewState":{"showFog":true,"showMaterialUpdate":true,"showSkybox":false,"showFlares":true,"showImageEffects":true,"showParticleSystems":true},"in2DMode":false,"pivot":{"x":3.6455211639404299,"y":0.21347352862358094,"z":3.334530830383301},"rotation":{"x":-0.012828532606363297,"y":-0.9821668863296509,"z":0.1728045791387558,"w":-0.07295404374599457},"size":3.615910530090332,"orthographic":false}