{"cameraMode":{"drawMode":0,"name":"Shaded","section":"Shading Mode"},"sceneLighting":true,"audioPlay":false,"sceneViewState":{"showFog":true,"showMaterialUpdate":true,"showSkybox":false,"showFlares":true,"showImageEffects":true,"showParticleSystems":true},"in2DMode":false,"pivot":{"x":5.669761657714844,"y":-0.2566741704940796,"z":7.503525733947754},"rotation":{"x":-0.18366043269634248,"y":-0.6225013732910156,"z":0.15344147384166718,"w":-0.7451286315917969},"size":2.192058801651001,"orthographic":false}