{"cameraMode":{"drawMode":0,"name":"Shaded","section":"Shading Mode"},"sceneLighting":true,"audioPlay":false,"sceneViewState":{"showFog":true,"showMaterialUpdate":true,"showSkybox":false,"showFlares":true,"showImageEffects":true,"showParticleSystems":true},"in2DMode":false,"pivot":{"x":4.3529276847839359,"y":0.9789535999298096,"z":11.809934616088868},"rotation":{"x":0.3663787543773651,"y":-0.010643068701028824,"z":0.004183840472251177,"w":0.9303956031799316},"size":0.3653283715248108,"orthographic":false}