{"cameraMode":{"drawMode":0,"name":"Shaded","section":"Shading Mode"},"sceneLighting":false,"audioPlay":false,"sceneViewState":{"showFog":true,"showMaterialUpdate":true,"showSkybox":false,"showFlares":true,"showImageEffects":true,"showParticleSystems":true},"in2DMode":false,"pivot":{"x":-0.002702176570892334,"y":0.7941747307777405,"z":0.07851868867874146},"rotation":{"x":0.10141124576330185,"y":0.838131308555603,"z":-0.16689012944698335,"w":0.509312629699707},"size":4.447077751159668,"orthographic":false}