{"cameraMode":{"drawMode":0,"name":"Shaded","section":"Shading Mode"},"sceneLighting":false,"audioPlay":false,"sceneViewState":{"showFog":true,"showMaterialUpdate":true,"showSkybox":false,"showFlares":true,"showImageEffects":true,"showParticleSystems":true},"in2DMode":false,"pivot":{"x":12.617388725280762,"y":-14.090092658996582,"z":-1.046028733253479},"rotation":{"x":0.28106293082237246,"y":0.6703821420669556,"z":-0.30664461851119997,"w":0.6144596338272095},"size":22.0,"orthographic":false}