{"cameraMode":{"drawMode":0,"name":"Shaded","section":"Shading Mode"},"sceneLighting":true,"audioPlay":false,"sceneViewState":{"showFog":true,"showMaterialUpdate":true,"showSkybox":false,"showFlares":true,"showImageEffects":true,"showParticleSystems":true},"in2DMode":false,"pivot":{"x":4.405971527099609,"y":0.3533586859703064,"z":14.87305736541748},"rotation":{"x":-0.2537725269794464,"y":0.02614102140069008,"z":-0.006855599116533995,"w":-0.9668863415718079},"size":4.892058849334717,"orthographic":false}